set_code,set_name,set_url,card_no,name,jp_name,card_url,grade,nation,type,rarity
VGE-DZ-BT14,Envoys of the Crimson Moon,https://cardfight.fandom.com/wiki/DZ_Booster_Set_14:_Envoys_of_the_Crimson_Moon,DZ-BT14/001,"Youthberk ""Drægforce Arms: Fantôme""",ユースベルク “龍吼燎騎・幻影”,https://cardfight.fandom.com/wiki/Youthberk_%22Dr%C3%A6gforce_Arms:_Fant%C3%B4me%22,3,Dragon Empire,Persona Ride,RRR
VGE-DZ-BT14,Envoys of the Crimson Moon,https://cardfight.fandom.com/wiki/DZ_Booster_Set_14:_Envoys_of_the_Crimson_Moon,DZ-BT14/002,"Youthberk ""DrægForm: Dynast""",ユースベルク “滅龍燎騎・赫絶”,https://cardfight.fandom.com/wiki/Youthberk_%22Dr%C3%A6gForm:_Dynast%22,3,Dragon Empire,Persona Ride,RRR
VGE-DZ-BT14,Envoys of the Crimson Moon,https://cardfight.fandom.com/wiki/DZ_Booster_Set_14:_Envoys_of_the_Crimson_Moon,DZ-BT14/003,"Mythisch of Unparalleled, Zalva Dragnia",無双の幻真獣ザルヴァ・ドラグニア,"https://cardfight.fandom.com/wiki/Mythisch_of_Unparalleled,_Zalva_Dragnia",2,Dragon Empire,,RRR
VGE-DZ-BT14,Envoys of the Crimson Moon,https://cardfight.fandom.com/wiki/DZ_Booster_Set_14:_Envoys_of_the_Crimson_Moon,DZ-BT14/004,"Dragritter, Uathaach",ドラグリッター ウアターハ,"https://cardfight.fandom.com/wiki/Dragritter,_Uathaach",1,Dragon Empire,,RRR
VGE-DZ-BT14,Envoys of the Crimson Moon,https://cardfight.fandom.com/wiki/DZ_Booster_Set_14:_Envoys_of_the_Crimson_Moon,DZ-BT14/005,"Demonic Lord Dragon, Gabwelius ""Fantôme""",魔王竜ガブエリウス “幻影”,"https://cardfight.fandom.com/wiki/Demonic_Lord_Dragon,_Gabwelius_%22Fant%C3%B4me%22",3,Dark States,Persona Ride,RRR
VGE-DZ-BT14,Envoys of the Crimson Moon,https://cardfight.fandom.com/wiki/DZ_Booster_Set_14:_Envoys_of_the_Crimson_Moon,DZ-BT14/006,"Steam Maiden, Spiral Cutie",スチームメイデン スパイラルキューティ,"https://cardfight.fandom.com/wiki/Steam_Maiden,_Spiral_Cutie",2,Dark States,,RRR
VGE-DZ-BT14,Envoys of the Crimson Moon,https://cardfight.fandom.com/wiki/DZ_Booster_Set_14:_Envoys_of_the_Crimson_Moon,DZ-BT14/007,"Mythisch of Zero, Grivardhy",零の幻真獣グリヴァルディ,"https://cardfight.fandom.com/wiki/Mythisch_of_Zero,_Grivardhy",2,Dark States,,RRR
VGE-DZ-BT14,Envoys of the Crimson Moon,https://cardfight.fandom.com/wiki/DZ_Booster_Set_14:_Envoys_of_the_Crimson_Moon,DZ-BT14/008,Reverent Dagger Dragon,リヴァレントダガー・ドラゴン,https://cardfight.fandom.com/wiki/Reverent_Dagger_Dragon,2,Dark States,,RRR
VGE-DZ-BT14,Envoys of the Crimson Moon,https://cardfight.fandom.com/wiki/DZ_Booster_Set_14:_Envoys_of_the_Crimson_Moon,DZ-BT14/009,"Mythisch Machine Deity, ""Mondgestirn"" Angrbold",幻真獣機神“月天巨星” アングボルド,"https://cardfight.fandom.com/wiki/Mythisch_Machine_Deity,_%22Mondgestirn%22_Angrbold",3,Brandt Gate,Persona Ride,RRR
VGE-DZ-BT14,Envoys of the Crimson Moon,https://cardfight.fandom.com/wiki/DZ_Booster_Set_14:_Envoys_of_the_Crimson_Moon,DZ-BT14/010,"Leibrecht Commander, Aelquilibra ""Fantôme""",裁秤大隊指揮官アルグリーヴラ“幻影”,"https://cardfight.fandom.com/wiki/Leibrecht_Commander,_Aelquilibra_%22Fant%C3%B4me%22",3,Brandt Gate,Persona Ride,RRR
VGE-DZ-BT14,Envoys of the Crimson Moon,https://cardfight.fandom.com/wiki/DZ_Booster_Set_14:_Envoys_of_the_Crimson_Moon,DZ-BT14/011,Sporadic Cerro Dragon,スポラディークセロ・ドラゴン,https://cardfight.fandom.com/wiki/Sporadic_Cerro_Dragon,1,Brandt Gate,,RRR
VGE-DZ-BT14,Envoys of the Crimson Moon,https://cardfight.fandom.com/wiki/DZ_Booster_Set_14:_Envoys_of_the_Crimson_Moon,DZ-BT14/012,"Librate Battalion, Firvesius Dragon",裁秤大隊フェルベシウス・ドラゴン,"https://cardfight.fandom.com/wiki/Librate_Battalion,_Firvesius_Dragon",1,Brandt Gate,,RRR
VGE-DZ-BT14,Envoys of the Crimson Moon,https://cardfight.fandom.com/wiki/DZ_Booster_Set_14:_Envoys_of_the_Crimson_Moon,DZ-BT14/013,"Bel-Fiore, Maia",Bel-Fioreマイア,"https://cardfight.fandom.com/wiki/Bel-Fiore,_Maia",3,Keter Sanctuary,Persona Ride,RRR
VGE-DZ-BT14,Envoys of the Crimson Moon,https://cardfight.fandom.com/wiki/DZ_Booster_Set_14:_Envoys_of_the_Crimson_Moon,DZ-BT14/014,"Knight of Great Favor, Orcades",鴻恩の騎士オルカデス,"https://cardfight.fandom.com/wiki/Knight_of_Great_Favor,_Orcades",2,Keter Sanctuary,,RRR
VGE-DZ-BT14,Envoys of the Crimson Moon,https://cardfight.fandom.com/wiki/DZ_Booster_Set_14:_Envoys_of_the_Crimson_Moon,DZ-BT14/015,"Bel-Fiore, Suera",Bel-Fioreスエラ,"https://cardfight.fandom.com/wiki/Bel-Fiore,_Suera",2,Keter Sanctuary,,RRR
VGE-DZ-BT14,Envoys of the Crimson Moon,https://cardfight.fandom.com/wiki/DZ_Booster_Set_14:_Envoys_of_the_Crimson_Moon,DZ-BT14/016,"Great Magick Caster of Transitory, Zerith ""Fantôme""",泡沫の大魔法師ゼーリス “幻影”,"https://cardfight.fandom.com/wiki/Great_Magick_Caster_of_Transitory,_Zerith_%22Fant%C3%B4me%22",3,Stoicheia,Persona Ride,RRR
VGE-DZ-BT14,Envoys of the Crimson Moon,https://cardfight.fandom.com/wiki/DZ_Booster_Set_14:_Envoys_of_the_Crimson_Moon,DZ-BT14/017,"Marine General of the Black Sky, Leimina",黒天の水将レィミーナ,"https://cardfight.fandom.com/wiki/Marine_General_of_the_Black_Sky,_Leimina",2,Stoicheia,,RRR
VGE-DZ-BT14,Envoys of the Crimson Moon,https://cardfight.fandom.com/wiki/DZ_Booster_Set_14:_Envoys_of_the_Crimson_Moon,DZ-BT14/018,"Scholar of Lake Heart, Fontijn",湖心の学匠フォンタイン,"https://cardfight.fandom.com/wiki/Scholar_of_Lake_Heart,_Fontijn",2,Stoicheia,,RRR
VGE-DZ-BT14,Envoys of the Crimson Moon,https://cardfight.fandom.com/wiki/DZ_Booster_Set_14:_Envoys_of_the_Crimson_Moon,DZ-BT14/019,"X-CeeDaNCe, Impauldio ""Fantôme""",X-CeeDaNCeインバルディオ “幻影”,"https://cardfight.fandom.com/wiki/X-CeeDaNCe,_Impauldio_%22Fant%C3%B4me%22",3,Lyrical Monasterio,Persona Ride,RRR
VGE-DZ-BT14,Envoys of the Crimson Moon,https://cardfight.fandom.com/wiki/DZ_Booster_Set_14:_Envoys_of_the_Crimson_Moon,DZ-BT14/020,"Eyes of Miracle, Aimantine",目と目が合ったその日からエマンティーヌ,"https://cardfight.fandom.com/wiki/Eyes_of_Miracle,_Aimantine",2,Lyrical Monasterio,,RRR
VGE-DZ-BT14,Envoys of the Crimson Moon,https://cardfight.fandom.com/wiki/DZ_Booster_Set_14:_Envoys_of_the_Crimson_Moon,DZ-BT14/021,"X-CeeDaNCe, Preshy Forewatt",X-CeeDaNCeプレシー・フォルワット,"https://cardfight.fandom.com/wiki/X-CeeDaNCe,_Preshy_Forewatt",2,Lyrical Monasterio,,RRR
VGE-DZ-BT14,Envoys of the Crimson Moon,https://cardfight.fandom.com/wiki/DZ_Booster_Set_14:_Envoys_of_the_Crimson_Moon,DZ-BT14/022,"Venatiol, Marield",荒牙之衆マリエルド,"https://cardfight.fandom.com/wiki/Venatiol,_Marield",2,Dragon Empire,,RR
VGE-DZ-BT14,Envoys of the Crimson Moon,https://cardfight.fandom.com/wiki/DZ_Booster_Set_14:_Envoys_of_the_Crimson_Moon,DZ-BT14/023,Obliterate Dragon,オブリテレイト・ドラゴン,https://cardfight.fandom.com/wiki/Obliterate_Dragon,2,Dragon Empire,,RR
VGE-DZ-BT14,Envoys of the Crimson Moon,https://cardfight.fandom.com/wiki/DZ_Booster_Set_14:_Envoys_of_the_Crimson_Moon,DZ-BT14/024,Forlorn Hope Dragon,フォーロンホープ・ドラゴン,https://cardfight.fandom.com/wiki/Forlorn_Hope_Dragon,2,Dragon Empire,,RR
VGE-DZ-BT14,Envoys of the Crimson Moon,https://cardfight.fandom.com/wiki/DZ_Booster_Set_14:_Envoys_of_the_Crimson_Moon,DZ-BT14/025,Outburst Dragon,アウトバースト・ドラゴン,https://cardfight.fandom.com/wiki/Outburst_Dragon,1,Dragon Empire,,RR
VGE-DZ-BT14,Envoys of the Crimson Moon,https://cardfight.fandom.com/wiki/DZ_Booster_Set_14:_Envoys_of_the_Crimson_Moon,DZ-BT14/026,Fluid Suffocator,フルイド・サフォケイター,https://cardfight.fandom.com/wiki/Fluid_Suffocator,2,Dark States,,RR
VGE-DZ-BT14,Envoys of the Crimson Moon,https://cardfight.fandom.com/wiki/DZ_Booster_Set_14:_Envoys_of_the_Crimson_Moon,DZ-BT14/027,"Direful Doll, Concetta",ダイアフルドール こんちぇった,"https://cardfight.fandom.com/wiki/Direful_Doll,_Concetta",1,Dark States,,RR
VGE-DZ-BT14,Envoys of the Crimson Moon,https://cardfight.fandom.com/wiki/DZ_Booster_Set_14:_Envoys_of_the_Crimson_Moon,DZ-BT14/028,Pious Breath Dragon,パイアスブレス・ドラゴン,https://cardfight.fandom.com/wiki/Pious_Breath_Dragon,1,Dark States,,RR
VGE-DZ-BT14,Envoys of the Crimson Moon,https://cardfight.fandom.com/wiki/DZ_Booster_Set_14:_Envoys_of_the_Crimson_Moon,DZ-BT14/029,Montmegantique Chimaera,モンメガンティーク・キマイラ,https://cardfight.fandom.com/wiki/Montmegantique_Chimaera,1,Dark States,,RR
VGE-DZ-BT14,Envoys of the Crimson Moon,https://cardfight.fandom.com/wiki/DZ_Booster_Set_14:_Envoys_of_the_Crimson_Moon,DZ-BT14/030,Evenfortz Rotovisor,エーベンフォルツ・ロートバイザー,https://cardfight.fandom.com/wiki/Evenfortz_Rotovisor,2,Brandt Gate,,RR
VGE-DZ-BT14,Envoys of the Crimson Moon,https://cardfight.fandom.com/wiki/DZ_Booster_Set_14:_Envoys_of_the_Crimson_Moon,DZ-BT14/031,"Creation Demonic Beast, Uproarious Scream",創成魔獣囂々喚き,"https://cardfight.fandom.com/wiki/Creation_Demonic_Beast,_Uproarious_Scream",2,Brandt Gate,,RR
VGE-DZ-BT14,Envoys of the Crimson Moon,https://cardfight.fandom.com/wiki/DZ_Booster_Set_14:_Envoys_of_the_Crimson_Moon,DZ-BT14/032,"Regrain Researcher, Deep Depths Expose",リグレイン・リサーチャー深奥暴き,"https://cardfight.fandom.com/wiki/Regrain_Researcher,_Deep_Depths_Expose",1,Brandt Gate,,RR
VGE-DZ-BT14,Envoys of the Crimson Moon,https://cardfight.fandom.com/wiki/DZ_Booster_Set_14:_Envoys_of_the_Crimson_Moon,DZ-BT14/033,"Leibreiter, Weibaris",裁秤僚機ウェイバリス,"https://cardfight.fandom.com/wiki/Leibreiter,_Weibaris",2,Brandt Gate,Set Order,RR
VGE-DZ-BT14,Envoys of the Crimson Moon,https://cardfight.fandom.com/wiki/DZ_Booster_Set_14:_Envoys_of_the_Crimson_Moon,DZ-BT14/034,"Bel-Fiore, Meek",Bel-Fioreミーク,"https://cardfight.fandom.com/wiki/Bel-Fiore,_Meek",3,Keter Sanctuary,Persona Ride,RR
VGE-DZ-BT14,Envoys of the Crimson Moon,https://cardfight.fandom.com/wiki/DZ_Booster_Set_14:_Envoys_of_the_Crimson_Moon,DZ-BT14/035,Inexpiable Dragon,イネクスピアブル・ドラゴン,https://cardfight.fandom.com/wiki/Inexpiable_Dragon,2,Keter Sanctuary,,RR
VGE-DZ-BT14,Envoys of the Crimson Moon,https://cardfight.fandom.com/wiki/DZ_Booster_Set_14:_Envoys_of_the_Crimson_Moon,DZ-BT14/036,Star-select Sorceress,菱星厳選の女魔術師,https://cardfight.fandom.com/wiki/Star-select_Sorceress,2,Keter Sanctuary,,RR
VGE-DZ-BT14,Envoys of the Crimson Moon,https://cardfight.fandom.com/wiki/DZ_Booster_Set_14:_Envoys_of_the_Crimson_Moon,DZ-BT14/037,"Knight of Graceful Virtue, Andrivet",淑徳の騎士アンドリヴェート,"https://cardfight.fandom.com/wiki/Knight_of_Graceful_Virtue,_Andrivet",1,Keter Sanctuary,,RR
VGE-DZ-BT14,Envoys of the Crimson Moon,https://cardfight.fandom.com/wiki/DZ_Booster_Set_14:_Envoys_of_the_Crimson_Moon,DZ-BT14/038,"Veleno Soldato, Vespino",ヴェレーノ・ソルダート ベスピーノ,"https://cardfight.fandom.com/wiki/Veleno_Soldato,_Vespino",2,Stoicheia,,RR
VGE-DZ-BT14,Envoys of the Crimson Moon,https://cardfight.fandom.com/wiki/DZ_Booster_Set_14:_Envoys_of_the_Crimson_Moon,DZ-BT14/039,"Affinity Hunter, Syllbiose",親和の狩人シルビオーゼ,"https://cardfight.fandom.com/wiki/Affinity_Hunter,_Syllbiose",2,Stoicheia,,RR
VGE-DZ-BT14,Envoys of the Crimson Moon,https://cardfight.fandom.com/wiki/DZ_Booster_Set_14:_Envoys_of_the_Crimson_Moon,DZ-BT14/040,"Scholar of the Waterlands, Rituera",水郷の学匠リトゥエーラ,"https://cardfight.fandom.com/wiki/Scholar_of_the_Waterlands,_Rituera",2,Stoicheia,,RR
VGE-DZ-BT14,Envoys of the Crimson Moon,https://cardfight.fandom.com/wiki/DZ_Booster_Set_14:_Envoys_of_the_Crimson_Moon,DZ-BT14/041,"One Who Arrived at Paradise, Phildeia",楽園を訪れし者フィルデア,"https://cardfight.fandom.com/wiki/One_Who_Arrived_at_Paradise,_Phildeia",2,Stoicheia,,RR
VGE-DZ-BT14,Envoys of the Crimson Moon,https://cardfight.fandom.com/wiki/DZ_Booster_Set_14:_Envoys_of_the_Crimson_Moon,DZ-BT14/042,"X-CeeDaNCe, Lapi Grossa",X-CeeDaNCeラピ・グロッサ,"https://cardfight.fandom.com/wiki/X-CeeDaNCe,_Lapi_Grossa",2,Lyrical Monasterio,,RR
VGE-DZ-BT14,Envoys of the Crimson Moon,https://cardfight.fandom.com/wiki/DZ_Booster_Set_14:_Envoys_of_the_Crimson_Moon,DZ-BT14/043,"EuphoricReverb, Sophia",EuphoricReverbソフィア,"https://cardfight.fandom.com/wiki/EuphoricReverb,_Sophia",2,Lyrical Monasterio,,RR
VGE-DZ-BT14,Envoys of the Crimson Moon,https://cardfight.fandom.com/wiki/DZ_Booster_Set_14:_Envoys_of_the_Crimson_Moon,DZ-BT14/044,"Shred Player, Timonie",シュレッド・プレイヤー ティモニエ,"https://cardfight.fandom.com/wiki/Shred_Player,_Timonie",1,Lyrical Monasterio,,RR
VGE-DZ-BT14,Envoys of the Crimson Moon,https://cardfight.fandom.com/wiki/DZ_Booster_Set_14:_Envoys_of_the_Crimson_Moon,DZ-BT14/045,"LettiaMateS, Ancisera",LettiaMateSアンシゼーラ,"https://cardfight.fandom.com/wiki/LettiaMateS,_Ancisera",1,Lyrical Monasterio,,RR
VGE-DZ-BT14,Envoys of the Crimson Moon,https://cardfight.fandom.com/wiki/DZ_Booster_Set_14:_Envoys_of_the_Crimson_Moon,DZ-BT14/046,Crimson Moonlight,赫月光,https://cardfight.fandom.com/wiki/Crimson_Moonlight,1,,Normal Order,RR
VGE-DZ-BT14,Envoys of the Crimson Moon,https://cardfight.fandom.com/wiki/DZ_Booster_Set_14:_Envoys_of_the_Crimson_Moon,DZ-BT14/047,Chondrule Dragon,コンドリュール・ドラゴン,https://cardfight.fandom.com/wiki/Chondrule_Dragon,2,Dragon Empire,,R
VGE-DZ-BT14,Envoys of the Crimson Moon,https://cardfight.fandom.com/wiki/DZ_Booster_Set_14:_Envoys_of_the_Crimson_Moon,DZ-BT14/048,"Venatiol, Uhel",荒牙之衆ウヘル,"https://cardfight.fandom.com/wiki/Venatiol,_Uhel",1,Dragon Empire,,R
VGE-DZ-BT14,Envoys of the Crimson Moon,https://cardfight.fandom.com/wiki/DZ_Booster_Set_14:_Envoys_of_the_Crimson_Moon,DZ-BT14/049,Parching Axe Dragon,パーチングアクス・ドラゴン,https://cardfight.fandom.com/wiki/Parching_Axe_Dragon,1,Dragon Empire,,R
VGE-DZ-BT14,Envoys of the Crimson Moon,https://cardfight.fandom.com/wiki/DZ_Booster_Set_14:_Envoys_of_the_Crimson_Moon,DZ-BT14/050,Vanishing Claw Dragon,バニシングクロー・ドラゴン,https://cardfight.fandom.com/wiki/Vanishing_Claw_Dragon,1,Dragon Empire,,R
VGE-DZ-BT14,Envoys of the Crimson Moon,https://cardfight.fandom.com/wiki/DZ_Booster_Set_14:_Envoys_of_the_Crimson_Moon,DZ-BT14/051,Febrile Dragon,フィーブライル・ドラゴン,https://cardfight.fandom.com/wiki/Febrile_Dragon,3,Dark States,Persona Ride,R
VGE-DZ-BT14,Envoys of the Crimson Moon,https://cardfight.fandom.com/wiki/DZ_Booster_Set_14:_Envoys_of_the_Crimson_Moon,DZ-BT14/052,"Direful Doll, Gigliola",ダイアフルドール じりおーら,"https://cardfight.fandom.com/wiki/Direful_Doll,_Gigliola",2,Dark States,,R
VGE-DZ-BT14,Envoys of the Crimson Moon,https://cardfight.fandom.com/wiki/DZ_Booster_Set_14:_Envoys_of_the_Crimson_Moon,DZ-BT14/053,"Mad Bone of Abominable Eyes, Zolneylon",忌眼の狂骨ゾルネイロン,"https://cardfight.fandom.com/wiki/Mad_Bone_of_Abominable_Eyes,_Zolneylon",1,Dark States,,R
VGE-DZ-BT14,Envoys of the Crimson Moon,https://cardfight.fandom.com/wiki/DZ_Booster_Set_14:_Envoys_of_the_Crimson_Moon,DZ-BT14/054,"Steam Fighter, Daduusha",スチームファイター ダドゥーシャ,"https://cardfight.fandom.com/wiki/Steam_Fighter,_Daduusha",1,Dark States,,R
VGE-DZ-BT14,Envoys of the Crimson Moon,https://cardfight.fandom.com/wiki/DZ_Booster_Set_14:_Envoys_of_the_Crimson_Moon,DZ-BT14/055,Fille Brande,フィーレ・ブランデ,https://cardfight.fandom.com/wiki/Fille_Brande,1,Brandt Gate,,R
VGE-DZ-BT14,Envoys of the Crimson Moon,https://cardfight.fandom.com/wiki/DZ_Booster_Set_14:_Envoys_of_the_Crimson_Moon,DZ-BT14/056,"Blitz Designer, Razent",ブリッツデザイナー ラーツェント,"https://cardfight.fandom.com/wiki/Blitz_Designer,_Razent",1,Brandt Gate,,R
VGE-DZ-BT14,Envoys of the Crimson Moon,https://cardfight.fandom.com/wiki/DZ_Booster_Set_14:_Envoys_of_the_Crimson_Moon,DZ-BT14/057,"Leibreiter, Trisdia",裁秤僚機トリスディア,"https://cardfight.fandom.com/wiki/Leibreiter,_Trisdia",3,Brandt Gate,Set Order,R
VGE-DZ-BT14,Envoys of the Crimson Moon,https://cardfight.fandom.com/wiki/DZ_Booster_Set_14:_Envoys_of_the_Crimson_Moon,DZ-BT14/058,"Leibreiter, Rovroi",裁秤僚機ローヴロイ,"https://cardfight.fandom.com/wiki/Leibreiter,_Rovroi",1,Brandt Gate,Set Order,R
VGE-DZ-BT14,Envoys of the Crimson Moon,https://cardfight.fandom.com/wiki/DZ_Booster_Set_14:_Envoys_of_the_Crimson_Moon,DZ-BT14/059,"Bel-Fiore, Pinesse",Bel-Fioreピネッゼ,"https://cardfight.fandom.com/wiki/Bel-Fiore,_Pinesse",2,Keter Sanctuary,,R
VGE-DZ-BT14,Envoys of the Crimson Moon,https://cardfight.fandom.com/wiki/DZ_Booster_Set_14:_Envoys_of_the_Crimson_Moon,DZ-BT14/060,Glisten Upashiciry,グリスン・ウパシチリィ,https://cardfight.fandom.com/wiki/Glisten_Upashiciry,1,Keter Sanctuary,,R
VGE-DZ-BT14,Envoys of the Crimson Moon,https://cardfight.fandom.com/wiki/DZ_Booster_Set_14:_Envoys_of_the_Crimson_Moon,DZ-BT14/061,Patefaction Angel,パタファクション・エンジェル,https://cardfight.fandom.com/wiki/Patefaction_Angel,1,Keter Sanctuary,,R
VGE-DZ-BT14,Envoys of the Crimson Moon,https://cardfight.fandom.com/wiki/DZ_Booster_Set_14:_Envoys_of_the_Crimson_Moon,DZ-BT14/062,"Bel-Fiore, Aprena",Bel-Fioreアプレナ,"https://cardfight.fandom.com/wiki/Bel-Fiore,_Aprena",1,Keter Sanctuary,,R
VGE-DZ-BT14,Envoys of the Crimson Moon,https://cardfight.fandom.com/wiki/DZ_Booster_Set_14:_Envoys_of_the_Crimson_Moon,DZ-BT14/063,"Sylvan Horned Beast, Skrele",樹角獣スクレル,"https://cardfight.fandom.com/wiki/Sylvan_Horned_Beast,_Skrele",2,Stoicheia,,R
VGE-DZ-BT14,Envoys of the Crimson Moon,https://cardfight.fandom.com/wiki/DZ_Booster_Set_14:_Envoys_of_the_Crimson_Moon,DZ-BT14/064,"Student of Illumination, Ciygna",照験の学徒シーグナ,"https://cardfight.fandom.com/wiki/Student_of_Illumination,_Ciygna",1,Stoicheia,,R
VGE-DZ-BT14,Envoys of the Crimson Moon,https://cardfight.fandom.com/wiki/DZ_Booster_Set_14:_Envoys_of_the_Crimson_Moon,DZ-BT14/065,Nin-Nin Zingy,ニンニン・ジンギー,https://cardfight.fandom.com/wiki/Nin-Nin_Zingy,1,Stoicheia,,R
VGE-DZ-BT14,Envoys of the Crimson Moon,https://cardfight.fandom.com/wiki/DZ_Booster_Set_14:_Envoys_of_the_Crimson_Moon,DZ-BT14/066,"Fantum Gran Magick, Glid Radeaur",泡沫の極大魔法グリド・ラディアール,"https://cardfight.fandom.com/wiki/Fantum_Gran_Magick,_Glid_Radeaur",3,Stoicheia,Normal Order,R
VGE-DZ-BT14,Envoys of the Crimson Moon,https://cardfight.fandom.com/wiki/DZ_Booster_Set_14:_Envoys_of_the_Crimson_Moon,DZ-BT14/067,"X-CeeDaNCe, Nyui Eiras",X-CeeDaNCeニュイ・エーラス,"https://cardfight.fandom.com/wiki/X-CeeDaNCe,_Nyui_Eiras",1,Lyrical Monasterio,,R
VGE-DZ-BT14,Envoys of the Crimson Moon,https://cardfight.fandom.com/wiki/DZ_Booster_Set_14:_Envoys_of_the_Crimson_Moon,DZ-BT14/068,"X-CeeDaNCe, Leda Tisple",X-CeeDaNCeレダ・ティスプル,"https://cardfight.fandom.com/wiki/X-CeeDaNCe,_Leda_Tisple",1,Lyrical Monasterio,,R
VGE-DZ-BT14,Envoys of the Crimson Moon,https://cardfight.fandom.com/wiki/DZ_Booster_Set_14:_Envoys_of_the_Crimson_Moon,DZ-BT14/069,"Tender Push, Appuil",テンダープッシュ アピュイル,"https://cardfight.fandom.com/wiki/Tender_Push,_Appuil",1,Lyrical Monasterio,,R
VGE-DZ-BT14,Envoys of the Crimson Moon,https://cardfight.fandom.com/wiki/DZ_Booster_Set_14:_Envoys_of_the_Crimson_Moon,DZ-BT14/070,"LettiaMateS, Marfer",LettiaMateSマルフェル,"https://cardfight.fandom.com/wiki/LettiaMateS,_Marfer",1,Lyrical Monasterio,,R
VGE-DZ-BT14,Envoys of the Crimson Moon,https://cardfight.fandom.com/wiki/DZ_Booster_Set_14:_Envoys_of_the_Crimson_Moon,DZ-BT14/071,Enveloping the Planet is a Crimson Disease,惑星を覆うは赫き病み,https://cardfight.fandom.com/wiki/Enveloping_the_Planet_is_a_Crimson_Disease,1,,Normal Order,R
VGE-DZ-BT14,Envoys of the Crimson Moon,https://cardfight.fandom.com/wiki/DZ_Booster_Set_14:_Envoys_of_the_Crimson_Moon,DZ-BT14/072,Enfold Bellow Dragon,エンフォールドベロウ・ドラゴン,https://cardfight.fandom.com/wiki/Enfold_Bellow_Dragon,3,Dragon Empire,Persona Ride,C
VGE-DZ-BT14,Envoys of the Crimson Moon,https://cardfight.fandom.com/wiki/DZ_Booster_Set_14:_Envoys_of_the_Crimson_Moon,DZ-BT14/073,Vandalism Dragon,ヴァンダリズム・ドラゴン,https://cardfight.fandom.com/wiki/Vandalism_Dragon,2,Dragon Empire,,C
VGE-DZ-BT14,Envoys of the Crimson Moon,https://cardfight.fandom.com/wiki/DZ_Booster_Set_14:_Envoys_of_the_Crimson_Moon,DZ-BT14/074,"Crimson Wrath Dragslayer, Youth",赫怒のドラグスレイヤー ユース,"https://cardfight.fandom.com/wiki/Crimson_Wrath_Dragslayer,_Youth",2,Dragon Empire,,C
VGE-DZ-BT14,Envoys of the Crimson Moon,https://cardfight.fandom.com/wiki/DZ_Booster_Set_14:_Envoys_of_the_Crimson_Moon,DZ-BT14/075,Trusscythe Dragon,トラサイズ・ドラゴン,https://cardfight.fandom.com/wiki/Trusscythe_Dragon,2,Dragon Empire,,C
VGE-DZ-BT14,Envoys of the Crimson Moon,https://cardfight.fandom.com/wiki/DZ_Booster_Set_14:_Envoys_of_the_Crimson_Moon,DZ-BT14/076,"Eruption Fire Dragon, Spinodinas",噴壊竜スピノオディナス,"https://cardfight.fandom.com/wiki/Eruption_Fire_Dragon,_Spinodinas",2,Dragon Empire,,C
VGE-DZ-BT14,Envoys of the Crimson Moon,https://cardfight.fandom.com/wiki/DZ_Booster_Set_14:_Envoys_of_the_Crimson_Moon,DZ-BT14/077,"Inferno Blade of Blazing Scales, Farbid",烈鱗の炎熱刃ファービッド,"https://cardfight.fandom.com/wiki/Inferno_Blade_of_Blazing_Scales,_Farbid",2,Dragon Empire,,C
VGE-DZ-BT14,Envoys of the Crimson Moon,https://cardfight.fandom.com/wiki/DZ_Booster_Set_14:_Envoys_of_the_Crimson_Moon,DZ-BT14/078,"Stealth Fiend, Kawaitachi",忍妖カワイタチ,"https://cardfight.fandom.com/wiki/Stealth_Fiend,_Kawaitachi",1,Dragon Empire,,C
VGE-DZ-BT14,Envoys of the Crimson Moon,https://cardfight.fandom.com/wiki/DZ_Booster_Set_14:_Envoys_of_the_Crimson_Moon,DZ-BT14/079,"Will of the Destruction Dragon, Youth",滅龍の意志ユース,"https://cardfight.fandom.com/wiki/Will_of_the_Destruction_Dragon,_Youth",1,Dragon Empire,,C
VGE-DZ-BT14,Envoys of the Crimson Moon,https://cardfight.fandom.com/wiki/DZ_Booster_Set_14:_Envoys_of_the_Crimson_Moon,DZ-BT14/080,"Desolation of Loneliness, Youth",寂寞の孤影ユース,"https://cardfight.fandom.com/wiki/Desolation_of_Loneliness,_Youth",0,Dragon Empire,,C
VGE-DZ-BT14,Envoys of the Crimson Moon,https://cardfight.fandom.com/wiki/DZ_Booster_Set_14:_Envoys_of_the_Crimson_Moon,DZ-BT14/081,Suffer Devourer,サファー・デヴォアラー,https://cardfight.fandom.com/wiki/Suffer_Devourer,3,Dark States,Persona Ride,C
VGE-DZ-BT14,Envoys of the Crimson Moon,https://cardfight.fandom.com/wiki/DZ_Booster_Set_14:_Envoys_of_the_Crimson_Moon,DZ-BT14/082,Attainment Dragon,アテインメント・ドラゴン,https://cardfight.fandom.com/wiki/Attainment_Dragon,2,Dark States,,C
VGE-DZ-BT14,Envoys of the Crimson Moon,https://cardfight.fandom.com/wiki/DZ_Booster_Set_14:_Envoys_of_the_Crimson_Moon,DZ-BT14/083,Skewered Virtuoso,スキュアード・ヴィルトーゾ,https://cardfight.fandom.com/wiki/Skewered_Virtuoso,2,Dark States,,C
VGE-DZ-BT14,Envoys of the Crimson Moon,https://cardfight.fandom.com/wiki/DZ_Booster_Set_14:_Envoys_of_the_Crimson_Moon,DZ-BT14/084,Devotion Dragon,ディヴォーション・ドラゴン,https://cardfight.fandom.com/wiki/Devotion_Dragon,2,Dark States,,C
VGE-DZ-BT14,Envoys of the Crimson Moon,https://cardfight.fandom.com/wiki/DZ_Booster_Set_14:_Envoys_of_the_Crimson_Moon,DZ-BT14/085,Adoring Dragon,アドーリング・ドラゴン,https://cardfight.fandom.com/wiki/Adoring_Dragon,1,Dark States,,C
VGE-DZ-BT14,Envoys of the Crimson Moon,https://cardfight.fandom.com/wiki/DZ_Booster_Set_14:_Envoys_of_the_Crimson_Moon,DZ-BT14/086,Surround Schuberias,サラウンド・シュベリアス,https://cardfight.fandom.com/wiki/Surround_Schuberias,1,Dark States,,C
VGE-DZ-BT14,Envoys of the Crimson Moon,https://cardfight.fandom.com/wiki/DZ_Booster_Set_14:_Envoys_of_the_Crimson_Moon,DZ-BT14/087,"Mage of Floating, Levitte",浮戯の魔道士レビッテ,"https://cardfight.fandom.com/wiki/Mage_of_Floating,_Levitte",1,Dark States,,C
VGE-DZ-BT14,Envoys of the Crimson Moon,https://cardfight.fandom.com/wiki/DZ_Booster_Set_14:_Envoys_of_the_Crimson_Moon,DZ-BT14/088,Fruition Dragon,フルーシオン・ドラゴン,https://cardfight.fandom.com/wiki/Fruition_Dragon,1,Dark States,,C
VGE-DZ-BT14,Envoys of the Crimson Moon,https://cardfight.fandom.com/wiki/DZ_Booster_Set_14:_Envoys_of_the_Crimson_Moon,DZ-BT14/089,Aspiring Dracokid,アスピリング・ドラコキッド,https://cardfight.fandom.com/wiki/Aspiring_Dracokid,0,Dark States,,C
VGE-DZ-BT14,Envoys of the Crimson Moon,https://cardfight.fandom.com/wiki/DZ_Booster_Set_14:_Envoys_of_the_Crimson_Moon,DZ-BT14/090,"Linked Chains of Disturbance, Radialperigee",摂動の連鎖ラディアルペリジー,"https://cardfight.fandom.com/wiki/Linked_Chains_of_Disturbance,_Radialperigee",2,Brandt Gate,,C
VGE-DZ-BT14,Envoys of the Crimson Moon,https://cardfight.fandom.com/wiki/DZ_Booster_Set_14:_Envoys_of_the_Crimson_Moon,DZ-BT14/091,"Blitz Carrier, Turagen",ブリッツキャリアー トゥラージェン,"https://cardfight.fandom.com/wiki/Blitz_Carrier,_Turagen",2,Brandt Gate,,C
VGE-DZ-BT14,Envoys of the Crimson Moon,https://cardfight.fandom.com/wiki/DZ_Booster_Set_14:_Envoys_of_the_Crimson_Moon,DZ-BT14/092,"Librate Battalion, Gatling Kanone Dragon",裁秤大隊ガトリングカノーネ・ドラゴン,"https://cardfight.fandom.com/wiki/Librate_Battalion,_Gatling_Kanone_Dragon",2,Brandt Gate,,C
VGE-DZ-BT14,Envoys of the Crimson Moon,https://cardfight.fandom.com/wiki/DZ_Booster_Set_14:_Envoys_of_the_Crimson_Moon,DZ-BT14/093,"Librate Battalion, Diffusion Dragon",裁秤大隊ディフュージオン・ドラゴン,"https://cardfight.fandom.com/wiki/Librate_Battalion,_Diffusion_Dragon",2,Brandt Gate,,C
VGE-DZ-BT14,Envoys of the Crimson Moon,https://cardfight.fandom.com/wiki/DZ_Booster_Set_14:_Envoys_of_the_Crimson_Moon,DZ-BT14/094,Puffy Emanator,パッフィー・エモネーター,https://cardfight.fandom.com/wiki/Puffy_Emanator,1,Brandt Gate,,C
VGE-DZ-BT14,Envoys of the Crimson Moon,https://cardfight.fandom.com/wiki/DZ_Booster_Set_14:_Envoys_of_the_Crimson_Moon,DZ-BT14/095,Mobility Flagger,モビリティ・フラッガー,https://cardfight.fandom.com/wiki/Mobility_Flagger,1,Brandt Gate,,C
VGE-DZ-BT14,Envoys of the Crimson Moon,https://cardfight.fandom.com/wiki/DZ_Booster_Set_14:_Envoys_of_the_Crimson_Moon,DZ-BT14/096,"Librate Battalion, Augenblick Dragon",裁秤大隊アウゲンブリック・ドラゴン,"https://cardfight.fandom.com/wiki/Librate_Battalion,_Augenblick_Dragon",1,Brandt Gate,,C
VGE-DZ-BT14,Envoys of the Crimson Moon,https://cardfight.fandom.com/wiki/DZ_Booster_Set_14:_Envoys_of_the_Crimson_Moon,DZ-BT14/097,"Librate Battalion, Raketenwerfer Dragon",裁秤大隊ラケーテンヴェルフ・ドラゴン,"https://cardfight.fandom.com/wiki/Librate_Battalion,_Raketenwerfer_Dragon",1,Brandt Gate,,C
VGE-DZ-BT14,Envoys of the Crimson Moon,https://cardfight.fandom.com/wiki/DZ_Booster_Set_14:_Envoys_of_the_Crimson_Moon,DZ-BT14/098,"Librate Battalion, Gewehral Dragon",裁秤大隊ゲヴェーアル・ドラゴン,"https://cardfight.fandom.com/wiki/Librate_Battalion,_Gewehral_Dragon",0,Brandt Gate,,C
VGE-DZ-BT14,Envoys of the Crimson Moon,https://cardfight.fandom.com/wiki/DZ_Booster_Set_14:_Envoys_of_the_Crimson_Moon,DZ-BT14/099,Satisfies Dragon,サティスファイズ・ドラゴン,https://cardfight.fandom.com/wiki/Satisfies_Dragon,2,Keter Sanctuary,,C
VGE-DZ-BT14,Envoys of the Crimson Moon,https://cardfight.fandom.com/wiki/DZ_Booster_Set_14:_Envoys_of_the_Crimson_Moon,DZ-BT14/100,"Bel-Fiore, Muvie",Bel-Fioreムゥヴィ,"https://cardfight.fandom.com/wiki/Bel-Fiore,_Muvie",2,Keter Sanctuary,,C
VGE-DZ-BT14,Envoys of the Crimson Moon,https://cardfight.fandom.com/wiki/DZ_Booster_Set_14:_Envoys_of_the_Crimson_Moon,DZ-BT14/101,Ill-omened Dragon,イルオーメンド・ドラゴン,https://cardfight.fandom.com/wiki/Ill-omened_Dragon,1,Keter Sanctuary,,C
VGE-DZ-BT14,Envoys of the Crimson Moon,https://cardfight.fandom.com/wiki/DZ_Booster_Set_14:_Envoys_of_the_Crimson_Moon,DZ-BT14/102,"Bel-Fiore, Shione",Bel-Fioreシオネ,"https://cardfight.fandom.com/wiki/Bel-Fiore,_Shione",1,Keter Sanctuary,,C
VGE-DZ-BT14,Envoys of the Crimson Moon,https://cardfight.fandom.com/wiki/DZ_Booster_Set_14:_Envoys_of_the_Crimson_Moon,DZ-BT14/103,"Bel-Fiore, Chika",Bel-Fioreチカ,"https://cardfight.fandom.com/wiki/Bel-Fiore,_Chika",1,Keter Sanctuary,,C
VGE-DZ-BT14,Envoys of the Crimson Moon,https://cardfight.fandom.com/wiki/DZ_Booster_Set_14:_Envoys_of_the_Crimson_Moon,DZ-BT14/104,"Bel-Fiore, Noze",Bel-Fioreノーセ,"https://cardfight.fandom.com/wiki/Bel-Fiore,_Noze",1,Keter Sanctuary,,C
VGE-DZ-BT14,Envoys of the Crimson Moon,https://cardfight.fandom.com/wiki/DZ_Booster_Set_14:_Envoys_of_the_Crimson_Moon,DZ-BT14/105,Merciful Serum Angel,メルシーセラム・エンジェル,https://cardfight.fandom.com/wiki/Merciful_Serum_Angel,1,Keter Sanctuary,,C
VGE-DZ-BT14,Envoys of the Crimson Moon,https://cardfight.fandom.com/wiki/DZ_Booster_Set_14:_Envoys_of_the_Crimson_Moon,DZ-BT14/106,Mofugaon,もふがおん,https://cardfight.fandom.com/wiki/Mofugaon,1,Keter Sanctuary,,C
VGE-DZ-BT14,Envoys of the Crimson Moon,https://cardfight.fandom.com/wiki/DZ_Booster_Set_14:_Envoys_of_the_Crimson_Moon,DZ-BT14/107,"Bel-Fiore, Proa",Bel-Fioreプロア,"https://cardfight.fandom.com/wiki/Bel-Fiore,_Proa",0,Keter Sanctuary,,C
VGE-DZ-BT14,Envoys of the Crimson Moon,https://cardfight.fandom.com/wiki/DZ_Booster_Set_14:_Envoys_of_the_Crimson_Moon,DZ-BT14/108,"Crushing Wave Dragon, Bentos Flipper Dragon",砕波竜ベントスフリッパー・ドラゴン,"https://cardfight.fandom.com/wiki/Crushing_Wave_Dragon,_Bentos_Flipper_Dragon",3,Stoicheia,Persona Ride,C
VGE-DZ-BT14,Envoys of the Crimson Moon,https://cardfight.fandom.com/wiki/DZ_Booster_Set_14:_Envoys_of_the_Crimson_Moon,DZ-BT14/109,"Student of Pleasure, Ralphie",愉楽の学徒ラルピィ,"https://cardfight.fandom.com/wiki/Student_of_Pleasure,_Ralphie",3,Stoicheia,Persona Ride,C
VGE-DZ-BT14,Envoys of the Crimson Moon,https://cardfight.fandom.com/wiki/DZ_Booster_Set_14:_Envoys_of_the_Crimson_Moon,DZ-BT14/110,"Peerless Magick Caster, Zerith",稀代の魔法師ゼーリス,"https://cardfight.fandom.com/wiki/Peerless_Magick_Caster,_Zerith",2,Stoicheia,,C
VGE-DZ-BT14,Envoys of the Crimson Moon,https://cardfight.fandom.com/wiki/DZ_Booster_Set_14:_Envoys_of_the_Crimson_Moon,DZ-BT14/111,"Student of the Stream, Haruto",瀬音の学徒ハルト,"https://cardfight.fandom.com/wiki/Student_of_the_Stream,_Haruto",1,Stoicheia,,C
VGE-DZ-BT14,Envoys of the Crimson Moon,https://cardfight.fandom.com/wiki/DZ_Booster_Set_14:_Envoys_of_the_Crimson_Moon,DZ-BT14/112,"Apprentice Magick Caster, Zerith",見習い魔法師ゼーリス,"https://cardfight.fandom.com/wiki/Apprentice_Magick_Caster,_Zerith",1,Stoicheia,,C
VGE-DZ-BT14,Envoys of the Crimson Moon,https://cardfight.fandom.com/wiki/DZ_Booster_Set_14:_Envoys_of_the_Crimson_Moon,DZ-BT14/113,"Future Magick Caster, Zerith",未来の魔法師ゼーリス,"https://cardfight.fandom.com/wiki/Future_Magick_Caster,_Zerith",0,Stoicheia,,C
VGE-DZ-BT14,Envoys of the Crimson Moon,https://cardfight.fandom.com/wiki/DZ_Booster_Set_14:_Envoys_of_the_Crimson_Moon,DZ-BT14/114,"Enhance Magick, Starylking",強化魔法スタルキング,"https://cardfight.fandom.com/wiki/Enhance_Magick,_Starylking",1,Stoicheia,Normal Order,C
VGE-DZ-BT14,Envoys of the Crimson Moon,https://cardfight.fandom.com/wiki/DZ_Booster_Set_14:_Envoys_of_the_Crimson_Moon,DZ-BT14/115,"Growth Magick, Voxtol",保進魔法ヴォクストール,"https://cardfight.fandom.com/wiki/Growth_Magick,_Voxtol",2,Stoicheia,Normal Order,C
VGE-DZ-BT14,Envoys of the Crimson Moon,https://cardfight.fandom.com/wiki/DZ_Booster_Set_14:_Envoys_of_the_Crimson_Moon,DZ-BT14/116,"Healing Magick, Aexlunus",回復魔法エクスルーナス,"https://cardfight.fandom.com/wiki/Healing_Magick,_Aexlunus",3,Stoicheia,Normal Order,C
VGE-DZ-BT14,Envoys of the Crimson Moon,https://cardfight.fandom.com/wiki/DZ_Booster_Set_14:_Envoys_of_the_Crimson_Moon,DZ-BT14/117,"X-CeeDaNCe, Mery Cracia",X-CeeDaNCeメリィ・クレィシア,"https://cardfight.fandom.com/wiki/X-CeeDaNCe,_Mery_Cracia",3,Lyrical Monasterio,Persona Ride,C
VGE-DZ-BT14,Envoys of the Crimson Moon,https://cardfight.fandom.com/wiki/DZ_Booster_Set_14:_Envoys_of_the_Crimson_Moon,DZ-BT14/118,"After School Training, Abilita",放課後特訓アビリタ,"https://cardfight.fandom.com/wiki/After_School_Training,_Abilita",3,Lyrical Monasterio,Persona Ride,C
VGE-DZ-BT14,Envoys of the Crimson Moon,https://cardfight.fandom.com/wiki/DZ_Booster_Set_14:_Envoys_of_the_Crimson_Moon,DZ-BT14/119,"X-CeeDaNCe, Dras Evolia",X-CeeDaNCeドラス・エヴォリア,"https://cardfight.fandom.com/wiki/X-CeeDaNCe,_Dras_Evolia",2,Lyrical Monasterio,,C
VGE-DZ-BT14,Envoys of the Crimson Moon,https://cardfight.fandom.com/wiki/DZ_Booster_Set_14:_Envoys_of_the_Crimson_Moon,DZ-BT14/120,"Mixed Feelings, Willery",複雑な気持ちウィレリー,"https://cardfight.fandom.com/wiki/Mixed_Feelings,_Willery",2,Lyrical Monasterio,,C
VGE-DZ-BT14,Envoys of the Crimson Moon,https://cardfight.fandom.com/wiki/DZ_Booster_Set_14:_Envoys_of_the_Crimson_Moon,DZ-BT14/121,I'll Make it Look Sharp! Sariture,びしっとキメちゃう! サリチュア,https://cardfight.fandom.com/wiki/I%27ll_Make_it_Look_Sharp!_Sariture,2,Lyrical Monasterio,,C
VGE-DZ-BT14,Envoys of the Crimson Moon,https://cardfight.fandom.com/wiki/DZ_Booster_Set_14:_Envoys_of_the_Crimson_Moon,DZ-BT14/122,"X-CeeDaNCe, Ino Progrette",X-CeeDaNCeイノ・プログレッテ,"https://cardfight.fandom.com/wiki/X-CeeDaNCe,_Ino_Progrette",1,Lyrical Monasterio,,C
VGE-DZ-BT14,Envoys of the Crimson Moon,https://cardfight.fandom.com/wiki/DZ_Booster_Set_14:_Envoys_of_the_Crimson_Moon,DZ-BT14/123,"X-CeeDaNCe, Tran Dibe",X-CeeDaNCeトラン・ディーベ,"https://cardfight.fandom.com/wiki/X-CeeDaNCe,_Tran_Dibe",1,Lyrical Monasterio,,C
VGE-DZ-BT14,Envoys of the Crimson Moon,https://cardfight.fandom.com/wiki/DZ_Booster_Set_14:_Envoys_of_the_Crimson_Moon,DZ-BT14/124,"Relaxation Time Starts at Midnight, Pershte",0時に始まるホッとタイム ペルシュテ,"https://cardfight.fandom.com/wiki/Relaxation_Time_Starts_at_Midnight,_Pershte",1,Lyrical Monasterio,,C
VGE-DZ-BT14,Envoys of the Crimson Moon,https://cardfight.fandom.com/wiki/DZ_Booster_Set_14:_Envoys_of_the_Crimson_Moon,DZ-BT14/125,"X-CeeDaNCe, Falstater",X-CeeDaNCeファルステイター,"https://cardfight.fandom.com/wiki/X-CeeDaNCe,_Falstater",0,Lyrical Monasterio,,C
VGE-DZ-BT14,Envoys of the Crimson Moon,https://cardfight.fandom.com/wiki/DZ_Booster_Set_14:_Envoys_of_the_Crimson_Moon,DZ-BT14/T01,Energy,,https://cardfight.fandom.com/wiki/Energy,,,,T
VGE-DZ-BT14,Envoys of the Crimson Moon,https://cardfight.fandom.com/wiki/DZ_Booster_Set_14:_Envoys_of_the_Crimson_Moon,DZ-BT14/T02,SYSTEM CODE: X-ceed Token,SYSTEM CODE:X-ceed,https://cardfight.fandom.com/wiki/SYSTEM_CODE:_X-ceed_Token,1,,Token Set Order,T
VGE-DZ-BT14,Envoys of the Crimson Moon,https://cardfight.fandom.com/wiki/DZ_Booster_Set_14:_Envoys_of_the_Crimson_Moon,DZ-BT14/T03,Blodeuwedd Garden Token,清逸なる高貴の庭園,https://cardfight.fandom.com/wiki/Blodeuwedd_Garden_Token,0,,Set Order/Garden,T
VGE-DZ-BT14,Envoys of the Crimson Moon,https://cardfight.fandom.com/wiki/DZ_Booster_Set_14:_Envoys_of_the_Crimson_Moon,DZ-BT14/T04,X-ceed NET,X-ceed NET,https://cardfight.fandom.com/wiki/X-ceed_NET,,,,T
VGE-DZ-BT14,Envoys of the Crimson Moon,https://cardfight.fandom.com/wiki/DZ_Booster_Set_14:_Envoys_of_the_Crimson_Moon,DZ-BT14/EX01,Kazuma Kiryu,桐生一馬,https://cardfight.fandom.com/wiki/Kazuma_Kiryu,3,Dragon Empire,Persona Ride,EXRRR+RGRR+EXS
VGE-DZ-BT14,Envoys of the Crimson Moon,https://cardfight.fandom.com/wiki/DZ_Booster_Set_14:_Envoys_of_the_Crimson_Moon,DZ-BT14/EX02,Akira Nishikiyama,錦山彰,https://cardfight.fandom.com/wiki/Akira_Nishikiyama,2,Dragon Empire,,EXRRR+RGRR+EXS
VGE-DZ-BT14,Envoys of the Crimson Moon,https://cardfight.fandom.com/wiki/DZ_Booster_Set_14:_Envoys_of_the_Crimson_Moon,DZ-BT14/EX03,Makoto Date,伊達真,https://cardfight.fandom.com/wiki/Makoto_Date,2,Dragon Empire,,EXRRR+RGRR+EXS
VGE-DZ-BT14,Envoys of the Crimson Moon,https://cardfight.fandom.com/wiki/DZ_Booster_Set_14:_Envoys_of_the_Crimson_Moon,DZ-BT14/EX04,Goro Majima,真島吾朗,https://cardfight.fandom.com/wiki/Goro_Majima,2,Dragon Empire,,EXRRR+RGRR+EXS
VGE-DZ-BT14,Envoys of the Crimson Moon,https://cardfight.fandom.com/wiki/DZ_Booster_Set_14:_Envoys_of_the_Crimson_Moon,DZ-BT14/EX05,Kaoru Sayama,狭山薫,https://cardfight.fandom.com/wiki/Kaoru_Sayama,2,Dragon Empire,,EXRRR+RGRR+EXS
VGE-DZ-BT14,Envoys of the Crimson Moon,https://cardfight.fandom.com/wiki/DZ_Booster_Set_14:_Envoys_of_the_Crimson_Moon,DZ-BT14/EX06,Ryuji Goda,郷田龍司,https://cardfight.fandom.com/wiki/Ryuji_Goda,2,Dragon Empire,,EXRRR+RGRR+EXS
VGE-DZ-BT14,Envoys of the Crimson Moon,https://cardfight.fandom.com/wiki/DZ_Booster_Set_14:_Envoys_of_the_Crimson_Moon,DZ-BT14/EX07,Yoshitaka Mine,峯義孝,https://cardfight.fandom.com/wiki/Yoshitaka_Mine,2,Dragon Empire,,EXRRR+RGRR+EXS
VGE-DZ-BT14,Envoys of the Crimson Moon,https://cardfight.fandom.com/wiki/DZ_Booster_Set_14:_Envoys_of_the_Crimson_Moon,DZ-BT14/EX08,Daigo Dojima,堂島 大吾,https://cardfight.fandom.com/wiki/Daigo_Dojima,2,Dragon Empire,,EXRRR+RGRR+EXS
VGE-DZ-BT14,Envoys of the Crimson Moon,https://cardfight.fandom.com/wiki/DZ_Booster_Set_14:_Envoys_of_the_Crimson_Moon,DZ-BT14/EX09,Shintaro Kazama,風間新太郎,https://cardfight.fandom.com/wiki/Shintaro_Kazama,3,Dragon Empire,Persona Ride,EXC+RGRR
VGE-DZ-BT14,Envoys of the Crimson Moon,https://cardfight.fandom.com/wiki/DZ_Booster_Set_14:_Envoys_of_the_Crimson_Moon,DZ-BT14/EX10,Reina,麗奈,https://cardfight.fandom.com/wiki/Reina,3,Dragon Empire,Persona Ride,EXC+RGRR
VGE-DZ-BT14,Envoys of the Crimson Moon,https://cardfight.fandom.com/wiki/DZ_Booster_Set_14:_Envoys_of_the_Crimson_Moon,DZ-BT14/EX11,Jo Amon,亜門丈,https://cardfight.fandom.com/wiki/Jo_Amon,2,Dragon Empire,Ace Unit,EXC
VGE-DZ-BT14,Envoys of the Crimson Moon,https://cardfight.fandom.com/wiki/DZ_Booster_Set_14:_Envoys_of_the_Crimson_Moon,DZ-BT14/EX12,Kazuto Arase,荒瀬和人,https://cardfight.fandom.com/wiki/Kazuto_Arase,2,Dragon Empire,,EXC
VGE-DZ-BT14,Envoys of the Crimson Moon,https://cardfight.fandom.com/wiki/DZ_Booster_Set_14:_Envoys_of_the_Crimson_Moon,DZ-BT14/EX13,Kazuki,一輝,https://cardfight.fandom.com/wiki/Kazuki,2,Dragon Empire,,EXC+RGRR
VGE-DZ-BT14,Envoys of the Crimson Moon,https://cardfight.fandom.com/wiki/DZ_Booster_Set_14:_Envoys_of_the_Crimson_Moon,DZ-BT14/EX14,Lau Ka Long,劉家龍,https://cardfight.fandom.com/wiki/Lau_Ka_Long,2,Dragon Empire,,EXC+RGRR
VGE-DZ-BT14,Envoys of the Crimson Moon,https://cardfight.fandom.com/wiki/DZ_Booster_Set_14:_Envoys_of_the_Crimson_Moon,DZ-BT14/EX15,"10 Billion Girl, Haruka Sawamura",１００億の少女澤村遥,"https://cardfight.fandom.com/wiki/10_Billion_Girl,_Haruka_Sawamura",2,Dragon Empire,,EXC+RGRR
VGE-DZ-BT14,Envoys of the Crimson Moon,https://cardfight.fandom.com/wiki/DZ_Booster_Set_14:_Envoys_of_the_Crimson_Moon,DZ-BT14/EX16,Osamu Kashiwagi,柏木修,https://cardfight.fandom.com/wiki/Osamu_Kashiwagi,1,Dragon Empire,,EXC+RGRR
VGE-DZ-BT14,Envoys of the Crimson Moon,https://cardfight.fandom.com/wiki/DZ_Booster_Set_14:_Envoys_of_the_Crimson_Moon,DZ-BT14/EX17,Gary Buster Holmes,ゲイリー・バスター・ホームズ,https://cardfight.fandom.com/wiki/Gary_Buster_Holmes,1,Dragon Empire,,EXC
VGE-DZ-BT14,Envoys of the Crimson Moon,https://cardfight.fandom.com/wiki/DZ_Booster_Set_14:_Envoys_of_the_Crimson_Moon,DZ-BT14/EX18,Sotaro Komaki,古牧宗太郎,https://cardfight.fandom.com/wiki/Sotaro_Komaki,1,Dragon Empire,,EXC+RGRR
VGE-DZ-BT14,Envoys of the Crimson Moon,https://cardfight.fandom.com/wiki/DZ_Booster_Set_14:_Envoys_of_the_Crimson_Moon,DZ-BT14/EX19,The Florist of Sai,サイの花屋,https://cardfight.fandom.com/wiki/The_Florist_of_Sai,1,Dragon Empire,,EXC+RGRR
VGE-DZ-BT14,Envoys of the Crimson Moon,https://cardfight.fandom.com/wiki/DZ_Booster_Set_14:_Envoys_of_the_Crimson_Moon,DZ-BT14/EX20,Junichi Sudo,須藤純一,https://cardfight.fandom.com/wiki/Junichi_Sudo,1,Dragon Empire,,EXC+RGRR
VGE-DZ-BT14,Envoys of the Crimson Moon,https://cardfight.fandom.com/wiki/DZ_Booster_Set_14:_Envoys_of_the_Crimson_Moon,DZ-BT14/EX21,Shinji Tanaka,田中シンジ,https://cardfight.fandom.com/wiki/Shinji_Tanaka,1,Dragon Empire,,EXC+RGRR
VGE-DZ-BT14,Envoys of the Crimson Moon,https://cardfight.fandom.com/wiki/DZ_Booster_Set_14:_Envoys_of_the_Crimson_Moon,DZ-BT14/EX22,Pocket Circuit Fighter,ポケサーファイター,https://cardfight.fandom.com/wiki/Pocket_Circuit_Fighter,1,Dragon Empire,,EXC
VGE-DZ-BT14,Envoys of the Crimson Moon,https://cardfight.fandom.com/wiki/DZ_Booster_Set_14:_Envoys_of_the_Crimson_Moon,DZ-BT14/EX23,Matsuhige,,https://cardfight.fandom.com/wiki/Matsuhige,1,Dragon Empire,,EXC+RGRR
VGE-DZ-BT14,Envoys of the Crimson Moon,https://cardfight.fandom.com/wiki/DZ_Booster_Set_14:_Envoys_of_the_Crimson_Moon,DZ-BT14/EX24,Yuya,ユウヤ,https://cardfight.fandom.com/wiki/Yuya,1,Dragon Empire,,EXC+RGRR
VGE-DZ-BT14,Envoys of the Crimson Moon,https://cardfight.fandom.com/wiki/DZ_Booster_Set_14:_Envoys_of_the_Crimson_Moon,DZ-BT14/EX25,Yumi Sawamura,澤村由美,https://cardfight.fandom.com/wiki/Yumi_Sawamura,1,Dragon Empire,,EXC+RGRR
VGE-DZ-BT14,Envoys of the Crimson Moon,https://cardfight.fandom.com/wiki/DZ_Booster_Set_14:_Envoys_of_the_Crimson_Moon,DZ-BT14/EX26,Susumu Gondawara,権田原進,https://cardfight.fandom.com/wiki/Susumu_Gondawara,3,Dragon Empire,Persona Ride,EXC
VGE-DZ-BT14,Envoys of the Crimson Moon,https://cardfight.fandom.com/wiki/DZ_Booster_Set_14:_Envoys_of_the_Crimson_Moon,DZ-BT14/EX27,Jin Goda,郷田仁,https://cardfight.fandom.com/wiki/Jin_Goda,3,Dragon Empire,Persona Ride,EXC+RGRR
VGE-DZ-BT14,Envoys of the Crimson Moon,https://cardfight.fandom.com/wiki/DZ_Booster_Set_14:_Envoys_of_the_Crimson_Moon,DZ-BT14/EX28,Yukio Terada,寺田行雄,https://cardfight.fandom.com/wiki/Yukio_Terada,2,Dragon Empire,,EXC+RGRR
VGE-DZ-BT14,Envoys of the Crimson Moon,https://cardfight.fandom.com/wiki/DZ_Booster_Set_14:_Envoys_of_the_Crimson_Moon,DZ-BT14/EX29,Yayoi Dojima,堂島弥生,https://cardfight.fandom.com/wiki/Yayoi_Dojima,2,Dragon Empire,,EXC+RGRR
VGE-DZ-BT14,Envoys of the Crimson Moon,https://cardfight.fandom.com/wiki/DZ_Booster_Set_14:_Envoys_of_the_Crimson_Moon,DZ-BT14/EX30,Il Yu-Jin,イ・リュウジョン,https://cardfight.fandom.com/wiki/Il_Yu-Jin,1,Dragon Empire,,EXC
VGE-DZ-BT14,Envoys of the Crimson Moon,https://cardfight.fandom.com/wiki/DZ_Booster_Set_14:_Envoys_of_the_Crimson_Moon,DZ-BT14/EX31,Tamiyo Sayama,狭山民代,https://cardfight.fandom.com/wiki/Tamiyo_Sayama,1,Dragon Empire,,EXC+RGRR
VGE-DZ-BT14,Envoys of the Crimson Moon,https://cardfight.fandom.com/wiki/DZ_Booster_Set_14:_Envoys_of_the_Crimson_Moon,DZ-BT14/EX32,"Morning Glory Orphanage's Eldest Daughter, Haruka Sawamura",アサガオの長女澤村遥,"https://cardfight.fandom.com/wiki/Morning_Glory_Orphanage%27s_Eldest_Daughter,_Haruka_Sawamura",3,Dragon Empire,Persona Ride,EXC+RGRR
VGE-DZ-BT14,Envoys of the Crimson Moon,https://cardfight.fandom.com/wiki/DZ_Booster_Set_14:_Envoys_of_the_Crimson_Moon,DZ-BT14/EX33,Tsuyoshi Kanda,神田強,https://cardfight.fandom.com/wiki/Tsuyoshi_Kanda,2,Dragon Empire,,EXC+RGRR
VGE-DZ-BT14,Envoys of the Crimson Moon,https://cardfight.fandom.com/wiki/DZ_Booster_Set_14:_Envoys_of_the_Crimson_Moon,DZ-BT14/EX34,Miya-san,ミヤさん,https://cardfight.fandom.com/wiki/Miya-san,1,Dragon Empire,,EXC+RGRR
VGE-DZ-BT14,Envoys of the Crimson Moon,https://cardfight.fandom.com/wiki/DZ_Booster_Set_14:_Envoys_of_the_Crimson_Moon,DZ-BT14/EX35,Morning Glory Orphanage: Precious Place,アサガオ：貴重な場所,https://cardfight.fandom.com/wiki/Morning_Glory_Orphanage:_Precious_Place,1,Dragon Empire,,EXC
VGE-DZ-BT14,Envoys of the Crimson Moon,https://cardfight.fandom.com/wiki/DZ_Booster_Set_14:_Envoys_of_the_Crimson_Moon,DZ-BT14/EX36,Komaki Style: Unarmed Parry,古牧流・無手返し,https://cardfight.fandom.com/wiki/Komaki_Style:_Unarmed_Parry,1,Dragon Empire,Sentinel,EXC
VGE-DZ-BT14,Envoys of the Crimson Moon,https://cardfight.fandom.com/wiki/DZ_Booster_Set_14:_Envoys_of_the_Crimson_Moon,DZ-BT14/EX37,"Dragon of Dojima, Kazuma Kiryu",堂島の龍桐生一馬,"https://cardfight.fandom.com/wiki/Dragon_of_Dojima,_Kazuma_Kiryu",0,Dragon Empire,,EXC
VGE-DZ-BT14,Envoys of the Crimson Moon,https://cardfight.fandom.com/wiki/DZ_Booster_Set_14:_Envoys_of_the_Crimson_Moon,DZ-BT14/EX38,Dragon of Dojima Style: Unrivaled Strength,堂島の龍スタイル：無類の強さ,https://cardfight.fandom.com/wiki/Dragon_of_Dojima_Style:_Unrivaled_Strength,0,Dragon Empire,Over,EXC
VGE-DZ-BT14,Envoys of the Crimson Moon,https://cardfight.fandom.com/wiki/DZ_Booster_Set_14:_Envoys_of_the_Crimson_Moon,DZ-BT14/EX39,Brawler Style: Suppression of Might,壊し屋スタイル：豪力の鎮圧,https://cardfight.fandom.com/wiki/Brawler_Style:_Suppression_of_Might,0,Dragon Empire,Critical,EXC
VGE-DZ-BT14,Envoys of the Crimson Moon,https://cardfight.fandom.com/wiki/DZ_Booster_Set_14:_Envoys_of_the_Crimson_Moon,DZ-BT14/EX40,Rush Style: Elegant Footwork,ラッシュスタイル：華麗なフットワーク,https://cardfight.fandom.com/wiki/Rush_Style:_Elegant_Footwork,0,Dragon Empire,Critical,EXC
VGE-DZ-BT14,Envoys of the Crimson Moon,https://cardfight.fandom.com/wiki/DZ_Booster_Set_14:_Envoys_of_the_Crimson_Moon,DZ-BT14/EX41,Bob Utsunomiya,ボブ宇都宮,https://cardfight.fandom.com/wiki/Bob_Utsunomiya,0,Dragon Empire,Draw,EXC
VGE-DZ-BT14,Envoys of the Crimson Moon,https://cardfight.fandom.com/wiki/DZ_Booster_Set_14:_Envoys_of_the_Crimson_Moon,DZ-BT14/EX42,Thug Style: Resolute Counter,チンピラスタイル：根性反撃,https://cardfight.fandom.com/wiki/Thug_Style:_Resolute_Counter,0,Dragon Empire,Front,EXC
VGE-DZ-BT14,Envoys of the Crimson Moon,https://cardfight.fandom.com/wiki/DZ_Booster_Set_14:_Envoys_of_the_Crimson_Moon,DZ-BT14/EX43,Kamurocho Gourmet,神室町の食通,https://cardfight.fandom.com/wiki/Kamurocho_Gourmet,0,Dragon Empire,Heal,EXC
